"","Genus","Species","Date","GrowthT","Rep","LeafT","Resp","Rarea","Rmass","individual1","individual","LeafT2"
"11","Betula","alleghaniensis","3/17/15",15,3,13.89209012,-0.403016885,0.403016885,0.007094501137,"Betulaalleghaniensis15","Betulaalleghaniensis15r3",192.990167902202
"12","Betula","alleghaniensis","3/17/15",15,3,22.86246497,-0.59578492,0.59578492,0.01048789008,"Betulaalleghaniensis15","Betulaalleghaniensis15r3",522.692304504477
"13","Betula","alleghaniensis","3/17/15",15,3,31.89405482,-1.238379044,1.238379044,0.0217997852,"Betulaalleghaniensis15","Betulaalleghaniensis15r3",1017.23073286117
"14","Betula","alleghaniensis","3/17/15",15,3,40.87065822,-2.078310901,2.078310901,0.03658551187,"Betulaalleghaniensis15","Betulaalleghaniensis15r3",1670.41070333605
"15","Betula","alleghaniensis","3/17/15",15,3,46.61691025,-2.358558017,2.358558017,0.0415188374,"Betulaalleghaniensis15","Betulaalleghaniensis15r3",2173.13632125655
"16","Betula","alleghaniensis","3/19/15",20,1,13.88289659,-0.458063285,0.458063285,0.0151873748,"Betulaalleghaniensis20","Betulaalleghaniensis20r1",192.734817728634
"17","Betula","alleghaniensis","3/19/15",20,1,23.38258977,-0.894169185,0.894169185,0.02964673879,"Betulaalleghaniensis20","Betulaalleghaniensis20r1",546.745504352109
"18","Betula","alleghaniensis","3/19/15",20,1,31.77862193,-1.316910529,1.316910529,0.04366299251,"Betulaalleghaniensis20","Betulaalleghaniensis20r1",1009.88081176988
"19","Betula","alleghaniensis","3/19/15",20,1,40.86112993,-2.06631422,2.06631422,0.06850994078,"Betulaalleghaniensis20","Betulaalleghaniensis20r1",1669.63193915634
"20","Betula","alleghaniensis","3/19/15",20,1,43.33364209,-2.344873399,2.344873399,0.07774574462,"Betulaalleghaniensis20","Betulaalleghaniensis20r1",1877.80453678422
"21","Betula","alleghaniensis","3/19/15",20,2,13.93143741,-0.286005847,0.286005847,0.008692862305,"Betulaalleghaniensis20","Betulaalleghaniensis20r2",194.084948308747
"22","Betula","alleghaniensis","3/19/15",20,2,23.33017576,-0.861457765,0.861457765,0.02618314909,"Betulaalleghaniensis20","Betulaalleghaniensis20r2",544.297100992492
"23","Betula","alleghaniensis","3/19/15",20,2,32.0366217,-1.616081321,1.616081321,0.04911917901,"Betulaalleghaniensis20","Betulaalleghaniensis20r2",1026.34512994891
"24","Betula","alleghaniensis","3/19/15",20,2,41.12615759,-2.571502407,2.571502407,0.07815824948,"Betulaalleghaniensis20","Betulaalleghaniensis20r2",1691.36083811751
"25","Betula","alleghaniensis","3/19/15",20,2,44.05394181,-2.564578613,2.564578613,0.07794780766,"Betulaalleghaniensis20","Betulaalleghaniensis20r2",1940.74978899887
"26","Betula","alleghaniensis","3/19/15",20,3,13.85819909,-0.529478062,0.529478062,0.01581595908,"Betulaalleghaniensis20","Betulaalleghaniensis20r3",192.049682018077
"27","Betula","alleghaniensis","3/19/15",20,3,22.91056659,-0.677700598,0.677700598,0.02024349203,"Betulaalleghaniensis20","Betulaalleghaniensis20r3",524.894061474824
"28","Betula","alleghaniensis","3/19/15",20,3,31.83566633,-1.297413545,1.297413545,0.03875484373,"Betulaalleghaniensis20","Betulaalleghaniensis20r3",1013.5096506751
"29","Betula","alleghaniensis","3/19/15",20,3,40.84002375,-1.945730905,1.945730905,0.05812063349,"Betulaalleghaniensis20","Betulaalleghaniensis20r3",1667.90753990056
"30","Betula","alleghaniensis","3/19/15",20,3,45.29897466,-2.212392501,2.212392501,0.06608604169,"Betulaalleghaniensis20","Betulaalleghaniensis20r3",2051.99710524732
"46","Betula","alleghaniensis","3/13/15",30,1,13.87773245,-0.154367746,0.154367746,0.00357495365,"Betulaalleghaniensis30","Betulaalleghaniensis30r1",192.591457953783
"47","Betula","alleghaniensis","3/13/15",30,1,22.75515461,-0.614024637,0.614024637,0.01422000171,"Betulaalleghaniensis30","Betulaalleghaniensis30r1",517.797061325004
"48","Betula","alleghaniensis","3/13/15",30,1,31.75641857,-1.421194843,1.421194843,0.03291300034,"Betulaalleghaniensis30","Betulaalleghaniensis30r1",1008.47012039304
"49","Betula","alleghaniensis","3/13/15",30,1,40.64684727,-1.998338355,1.998338355,0.04627888376,"Betulaalleghaniensis30","Betulaalleghaniensis30r1",1652.16619299071
"50","Betula","alleghaniensis","3/13/15",30,1,43.20031652,-1.896025714,1.896025714,0.04390945777,"Betulaalleghaniensis30","Betulaalleghaniensis30r1",1866.26734742819
"51","Betula","alleghaniensis","3/13/15",30,2,13.92454824,-0.458442803,0.458442803,0.01334273218,"Betulaalleghaniensis30","Betulaalleghaniensis30r2",193.893043688087
"52","Betula","alleghaniensis","3/13/15",30,2,22.9245632,-0.799693989,0.799693989,0.02327466516,"Betulaalleghaniensis30","Betulaalleghaniensis30r2",525.535597910794
"53","Betula","alleghaniensis","3/13/15",30,2,32.28122857,-1.213970189,1.213970189,0.03533195201,"Betulaalleghaniensis30","Betulaalleghaniensis30r2",1042.07771798858
"54","Betula","alleghaniensis","3/13/15",30,2,41.18976659,-1.672665984,1.672665984,0.04868204741,"Betulaalleghaniensis30","Betulaalleghaniensis30r2",1696.59687173868
"55","Betula","alleghaniensis","3/13/15",30,2,42.48361107,-1.633627808,1.633627808,0.0475458622,"Betulaalleghaniensis30","Betulaalleghaniensis30r2",1804.85720954703
"56","Betula","alleghaniensis","3/13/15",30,3,13.86033065,-0.289423191,0.289423191,0.008270655844,"Betulaalleghaniensis30","Betulaalleghaniensis30r3",192.108765727329
"57","Betula","alleghaniensis","3/13/15",30,3,22.84008335,-0.642357463,0.642357463,0.01835622599,"Betulaalleghaniensis30","Betulaalleghaniensis30r3",521.669407434947
"58","Betula","alleghaniensis","3/13/15",30,3,31.83967821,-1.36980917,1.36980917,0.03914413411,"Betulaalleghaniensis30","Betulaalleghaniensis30r3",1013.76510851635
"59","Betula","alleghaniensis","3/13/15",30,3,40.88154943,-1.992250416,1.992250416,0.05693122751,"Betulaalleghaniensis30","Betulaalleghaniensis30r3",1671.30108379753
"60","Betula","alleghaniensis","3/13/15",30,3,45.06115275,-1.960148592,1.960148592,0.05601387482,"Betulaalleghaniensis30","Betulaalleghaniensis30r3",2030.50748715883
"61","Betula","alleghaniensis","3/11/15",35,1,13.61874533,-0.186430957,0.186430957,0.004691506529,"Betulaalleghaniensis35","Betulaalleghaniensis35r1",185.470224363397
"62","Betula","alleghaniensis","3/11/15",35,1,22.96125876,-0.708307807,0.708307807,0.0178244577,"Betulaalleghaniensis35","Betulaalleghaniensis35r1",527.219403843677
"63","Betula","alleghaniensis","3/11/15",35,1,31.87960902,-1.363335585,1.363335585,0.03430813163,"Betulaalleghaniensis35","Betulaalleghaniensis35r1",1016.30947126807
"64","Betula","alleghaniensis","3/11/15",35,1,41.29220893,-2.534408642,2.534408642,0.06377800611,"Betulaalleghaniensis35","Betulaalleghaniensis35r1",1705.04651831877
"65","Betula","alleghaniensis","3/11/15",35,1,42.34310393,-1.897744976,1.897744976,0.04775646228,"Betulaalleghaniensis35","Betulaalleghaniensis35r1",1792.93845042678
"76","Cucumis","sativa","1/12/15",15,1,13.74592628,-0.030932065,0.030932065,0.000799710517,"Cucumissativa15","Cucumissativa15r1",188.950489295195
"77","Cucumis","sativa","1/12/15",15,1,22.51595367,-0.384519594,0.384519594,0.009941281345,"Cucumissativa15","Cucumissativa15r1",506.968169669586
"78","Cucumis","sativa","1/12/15",15,1,32.18197759,-0.768221307,0.768221307,0.01986141736,"Cucumissativa15","Cucumissativa15r1",1035.67968160326
"79","Cucumis","sativa","1/12/15",15,1,41.00181493,-1.014206323,1.014206323,0.02622105751,"Cucumissativa15","Cucumissativa15r1",1681.14882755397
"80","Cucumis","sativa","1/12/15",15,1,43.71435027,-1.376504373,1.376504373,0.03558782813,"Cucumissativa15","Cucumissativa15r1",1910.94441952825
"81","Cucumis","sativa","1/12/15",15,2,13.94302568,-0.619819897,0.619819897,0.01544183127,"Cucumissativa15","Cucumissativa15r2",194.407965113139
"82","Cucumis","sativa","1/12/15",15,2,23.5758582,-1.487320337,1.487320337,0.03705423108,"Cucumissativa15","Cucumissativa15r2",555.821089866507
"83","Cucumis","sativa","1/12/15",15,2,32.57276362,-2.364045884,2.364045884,0.05889645983,"Cucumissativa15","Cucumissativa15r2",1060.9849298444
"84","Cucumis","sativa","1/12/15",15,2,41.06021436,-3.893147693,3.893147693,0.09699161011,"Cucumissativa15","Cucumissativa15r2",1685.94120328915
"85","Cucumis","sativa","1/12/15",15,2,43.87342121,-4.151984993,4.151984993,0.1034401316,"Cucumissativa15","Cucumissativa15r2",1924.87708867008
"86","Cucumis","sativa","1/12/15",15,3,13.76877737,-0.883473171,0.883473171,0.02009135566,"Cucumissativa15","Cucumissativa15r3",189.579230264624
"87","Cucumis","sativa","1/12/15",15,3,22.65036147,-0.791745367,0.791745367,0.01800534332,"Cucumissativa15","Cucumissativa15r3",513.038874721661
"88","Cucumis","sativa","1/12/15",15,3,31.75772253,-1.791589525,1.791589525,0.04074313011,"Cucumissativa15","Cucumissativa15r3",1008.55294029247
"89","Cucumis","sativa","1/12/15",15,3,40.8868424,-3.095876566,3.095876566,0.07040435321,"Cucumissativa15","Cucumissativa15r3",1671.73388144244
"90","Cucumis","sativa","1/12/15",15,3,46.05996231,-3.692647138,3.692647138,0.08397571022,"Cucumissativa15","Cucumissativa15r3",2121.52012799862
"91","Cucumis","sativa","1/5/15",20,1,13.86125872,-0.056477806,0.056477806,0.001456230085,"Cucumissativa20","Cucumissativa20r1",192.134493302776
"92","Cucumis","sativa","1/5/15",20,1,23.04456407,-0.675122363,0.675122363,0.01740743071,"Cucumissativa20","Cucumissativa20r1",531.051933176335
"93","Cucumis","sativa","1/5/15",20,1,31.9640463,-1.282930272,1.282930272,0.03307921802,"Cucumissativa20","Cucumissativa20r1",1021.70025586854
"94","Cucumis","sativa","1/5/15",20,1,40.91868174,-1.731106929,1.731106929,0.04463505519,"Cucumissativa20","Cucumissativa20r1",1674.33851533941
"95","Cucumis","sativa","1/5/15",20,1,44.32122543,-1.738944305,1.738944305,0.04483713498,"Cucumissativa20","Cucumissativa20r1",1964.37102361688
"96","Cucumis","sativa","1/5/15",20,2,13.67045301,-0.846136574,0.846136574,0.01908842662,"Cucumissativa20","Cucumissativa20r2",186.881285498618
"97","Cucumis","sativa","1/5/15",20,2,22.65032716,-1.319371814,1.319371814,0.02976438183,"Cucumissativa20","Cucumissativa20r2",513.037320455034
"98","Cucumis","sativa","1/5/15",20,2,31.86236059,-2.784232675,2.784232675,0.06281092527,"Cucumissativa20","Cucumissativa20r2",1015.21002236719
"99","Cucumis","sativa","1/5/15",20,2,40.85294908,-4.193380999,4.193380999,0.09460062117,"Cucumissativa20","Cucumissativa20r2",1668.96344853307
"100","Cucumis","sativa","1/5/15",20,2,46.12460572,-4.231161493,4.231161493,0.09545293062,"Cucumissativa20","Cucumissativa20r2",2127.47925282546
"105","Cucumis","sativa","2/18/15",25,2,13.78387389,-0.475085857,0.475085857,0.01090668715,"Cucumissativa25","Cucumissativa25r2",189.995179415424
"106","Cucumis","sativa","2/18/15",25,2,23.28264202,-0.980065688,0.980065688,0.02249965912,"Cucumissativa25","Cucumissativa25r2",542.08141943147
"107","Cucumis","sativa","2/18/15",25,2,32.00530425,-1.522046074,1.522046074,0.03494206384,"Cucumissativa25","Cucumissativa25r2",1024.33950013507
"108","Cucumis","sativa","2/18/15",25,2,41.11645906,-2.537457811,2.537457811,0.0582531727,"Cucumissativa25","Cucumissativa25r2",1690.56320563266
"109","Cucumis","sativa","1/23/15",30,1,13.81460144,-0.074795009,0.074795009,0.001709106682,"Cucumissativa30","Cucumissativa30r1",190.84321294605
"110","Cucumis","sativa","1/23/15",30,1,23.29703747,-0.468786624,0.468786624,0.01071202956,"Cucumissativa30","Cucumissativa30r1",542.751954878584
"111","Cucumis","sativa","1/23/15",30,1,31.93902432,-0.800461899,0.800461899,0.01829099015,"Cucumissativa30","Cucumissativa30r1",1020.10127451355
"112","Cucumis","sativa","1/23/15",30,1,41.02664931,-1.299631051,1.299631051,0.029697277,"Cucumissativa30","Cucumissativa30r1",1683.18595360572
"113","Cucumis","sativa","1/23/15",30,1,43.11277371,-1.260223365,1.260223365,0.02879678992,"Cucumissativa30","Cucumissativa30r1",1858.71125696967
"124","Cucumis","sativa","2/10/15",35,1,13.91006032,-0.341127293,0.341127293,0.01147395107,"Cucumissativa35","Cucumissativa35r1",193.489778106039
"125","Cucumis","sativa","2/10/15",35,1,22.74146834,-1.201868274,1.201868274,0.04042531347,"Cucumissativa35","Cucumissativa35r1",517.174382259222
"126","Cucumis","sativa","2/10/15",35,1,31.99985886,-1.961741322,1.961741322,0.06598394318,"Cucumissativa35","Cucumissativa35r1",1023.99096705992
"127","Cucumis","sativa","2/10/15",35,1,40.82816855,-2.885700064,2.885700064,0.09706165994,"Cucumissativa35","Cucumissativa35r1",1666.93934714721
"128","Cucumis","sativa","2/10/15",35,1,41.51528531,-2.84866089,2.84866089,0.09581583272,"Cucumissativa35","Cucumissativa35r1",1723.5189143707
"129","Cucumis","sativa","2/10/15",35,2,13.7609246,-0.531841031,0.531841031,0.02330189587,"Cucumissativa35","Cucumissativa35r2",189.363045846885
"130","Cucumis","sativa","2/10/15",35,2,22.86857458,-1.150246705,1.150246705,0.05039650458,"Cucumissativa35","Cucumissativa35r2",522.971703321022
"131","Cucumis","sativa","2/10/15",35,2,32.05272428,-1.872671226,1.872671226,0.08204855845,"Cucumissativa35","Cucumissativa35r2",1027.3771337697
"132","Cucumis","sativa","2/10/15",35,2,40.90302901,-2.750515847,2.750515847,0.120510134,"Cucumissativa35","Cucumissativa35r2",1673.0577821929
"133","Cucumis","sativa","2/10/15",35,2,41.63351215,-2.538271607,2.538271607,0.1112109395,"Cucumissativa35","Cucumissativa35r2",1733.3493339442
"143","Glycine","max","1/7/15",15,2,14.07596558,-0.665395816,0.665395816,0.01486174049,"Glycinemax15","Glycinemax15r2",198.132807009345
"144","Glycine","max","1/7/15",15,2,23.24410421,-1.126356113,1.126356113,0.02515737526,"Glycinemax15","Glycinemax15r2",540.28838052534
"145","Glycine","max","1/7/15",15,2,32.14958642,-2.004398126,2.004398126,0.04476860848,"Glycinemax15","Glycinemax15r2",1033.59590697705
"146","Glycine","max","1/7/15",15,2,41.44817817,-3.484413445,3.484413445,0.07782502853,"Glycinemax15","Glycinemax15r2",1717.95147361206
"147","Glycine","max","1/7/15",15,2,43.23781724,-3.554928851,3.554928851,0.07940000336,"Glycinemax15","Glycinemax15r2",1869.50883967964
"148","Glycine","max","1/7/15",15,3,13.71534913,-0.719051392,0.719051392,0.01457880888,"Glycinemax15","Glycinemax15r3",188.110801757792
"149","Glycine","max","1/7/15",15,3,22.79205881,-0.518568572,0.518568572,0.01051400802,"Glycinemax15","Glycinemax15r3",519.477944798499
"150","Glycine","max","1/7/15",15,3,31.9121933,-0.652035067,0.652035067,0.01322004897,"Glycinemax15","Glycinemax15r3",1018.38808121656
"151","Glycine","max","1/7/15",15,3,40.83816746,-0.693554758,0.693554758,0.01406186313,"Glycinemax15","Glycinemax15r3",1667.755921491
"152","Glycine","max","1/7/15",15,3,46.40358379,-0.964443818,0.964443818,0.01955415461,"Glycinemax15","Glycinemax15r3",2153.29258855555
"153","Glycine","max","2/6/15",15,4,13.86675627,-0.381494432,0.381494432,0.01293325424,"Glycinemax15","Glycinemax15r4",192.286929451584
"154","Glycine","max","2/6/15",15,4,22.83743997,-1.063063474,1.063063474,0.0360395042,"Glycinemax15","Glycinemax15r4",521.548664383354
"155","Glycine","max","2/6/15",15,4,31.92776489,-1.988580451,1.988580451,0.06741596834,"Glycinemax15","Glycinemax15r4",1019.38217087112
"156","Glycine","max","2/6/15",15,4,41.00489012,-2.971959706,2.971959706,0.1007540537,"Glycinemax15","Glycinemax15r4",1681.40101375327
"157","Glycine","max","2/6/15",15,4,43.28980099,-3.20339642,3.20339642,0.108600118,"Glycinemax15","Glycinemax15r4",1874.00686975381
"158","Glycine","max","2/6/15",15,5,13.84892346,-0.407640536,0.407640536,0.01161464998,"Glycinemax15","Glycinemax15r5",191.792681000938
"159","Glycine","max","2/6/15",15,5,23.21082592,-0.944691806,0.944691806,0.02691652006,"Glycinemax15","Glycinemax15r5",538.742439888544
"160","Glycine","max","2/6/15",15,5,32.48566055,-1.864421065,1.864421065,0.05312179769,"Glycinemax15","Glycinemax15r5",1055.31814136983
"161","Glycine","max","2/6/15",15,5,41.00574643,-3.155590849,3.155590849,0.08991030077,"Glycinemax15","Glycinemax15r5",1681.47124028146
"162","Glycine","max","2/6/15",15,5,43.45718275,-3.281616636,3.281616636,0.09350107567,"Glycinemax15","Glycinemax15r5",1888.5267325669
"163","Glycine","max","2/6/15",15,6,13.74987427,-0.598937792,0.598937792,0.01424326995,"Glycinemax15","Glycinemax15r6",189.059042440808
"164","Glycine","max","2/6/15",15,6,22.81333989,-0.77054406,0.77054406,0.01832421867,"Glycinemax15","Glycinemax15r6",520.448476936665
"165","Glycine","max","2/6/15",15,6,31.7864345,-1.65632718,1.65632718,0.03938892401,"Glycinemax15","Glycinemax15r6",1010.37741822279
"166","Glycine","max","2/6/15",15,6,40.88624832,-3.35246496,3.35246496,0.07972457926,"Glycinemax15","Glycinemax15r6",1671.6853016847
"167","Glycine","max","2/6/15",15,6,46.6359587,-3.813449594,3.813449594,0.0906872012,"Glycinemax15","Glycinemax15r6",2174.91264386811
"168","Glycine","max","12/19/14",20,1,13.80630996,-0.240586355,0.240586355,0.004669249488,"Glycinemax20","Glycinemax20r1",190.614194711595
"169","Glycine","max","12/19/14",20,1,23.48031044,-0.711849949,0.711849949,0.01381543443,"Glycinemax20","Glycinemax20r1",551.324978358773
"170","Glycine","max","12/19/14",20,1,31.92465442,-0.837789616,0.837789616,0.01625964505,"Glycinemax20","Glycinemax20r1",1019.18355983643
"171","Glycine","max","12/19/14",20,1,41.01456139,-1.865009249,1.865009249,0.03619570812,"Glycinemax20","Glycinemax20r1",1682.19424601408
"172","Glycine","max","12/19/14",20,1,42.63736708,-1.810408376,1.810408376,0.03513602584,"Glycinemax20","Glycinemax20r1",1817.94507151467
"178","Glycine","max","12/19/14",20,3,13.81162038,-0.615853888,0.615853888,0.01235371996,"Glycinemax20","Glycinemax20r3",190.760857521231
"179","Glycine","max","12/19/14",20,3,22.77154732,-0.37735055,0.37735055,0.007569462682,"Glycinemax20","Glycinemax20r3",518.543367346999
"180","Glycine","max","12/19/14",20,3,31.80741159,-1.703966736,1.703966736,0.03418071768,"Glycinemax20","Glycinemax20r3",1011.71143205567
"181","Glycine","max","12/19/14",20,3,40.92055446,-2.695679606,2.695679606,0.05407398023,"Glycinemax20","Glycinemax20r3",1674.49177731383
"182","Glycine","max","12/19/14",20,3,44.61079216,-2.95961235,2.95961235,0.05936833863,"Glycinemax20","Glycinemax20r3",1990.12277714272
"183","Glycine","max","12/29/14",25,1,13.38552554,-0.039574014,0.039574014,0.001207347679,"Glycinemax25","Glycinemax25r1",179.172293981992
"184","Glycine","max","12/29/14",25,1,22.95568388,-0.874160005,0.874160005,0.02666939607,"Glycinemax25","Glycinemax25r1",526.963422398492
"185","Glycine","max","12/29/14",25,1,32.10804107,-1.251054331,1.251054331,0.03816791353,"Glycinemax25","Glycinemax25r1",1030.92630135281
"186","Glycine","max","12/29/14",25,1,40.99312274,-1.958600361,1.958600361,0.05975415084,"Glycinemax25","Glycinemax25r1",1680.4361119767
"187","Glycine","max","12/29/14",25,1,44.48533664,-2.84179648,2.84179648,0.08669922609,"Glycinemax25","Glycinemax25r1",1978.94517597413
"198","Glycine","max","1/22/15",30,1,13.2164312,-0.262128204,0.262128204,0.007525976928,"Glycinemax30","Glycinemax30r1",174.674053664333
"199","Glycine","max","1/22/15",30,1,23.06882087,-0.299831716,0.299831716,0.00860848448,"Glycinemax30","Glycinemax30r1",532.170496332148
"200","Glycine","max","1/22/15",30,1,32.29691592,-0.772547402,0.772547402,0.0221806499,"Glycinemax30","Glycinemax30r1",1043.09077794355
"201","Glycine","max","1/22/15",30,1,40.44584881,-1.62640764,1.62640764,0.04669587702,"Glycinemax30","Glycinemax30r1",1635.86668596138
"202","Glycine","max","1/22/15",30,1,40.6076083,-1.507340532,1.507340532,0.04327733489,"Glycinemax30","Glycinemax30r1",1648.97785184623
"203","Glycine","max","1/22/15",30,2,13.80842391,-0.747958853,0.747958853,0.02293388183,"Glycinemax30","Glycinemax30r2",190.67257087826
"204","Glycine","max","1/22/15",30,2,23.00891271,-1.189122911,1.189122911,0.03646083501,"Glycinemax30","Glycinemax30r2",529.4100640964
"205","Glycine","max","1/22/15",30,2,32.06579018,-1.685592856,1.685592856,0.05168357486,"Glycinemax30","Glycinemax30r2",1028.21489986778
"206","Glycine","max","1/22/15",30,2,41.12788512,-2.502630502,2.502630502,0.07673554763,"Glycinemax30","Glycinemax30r2",1691.50293444392
"207","Glycine","max","1/22/15",30,2,45.00027339,-2.695918142,2.695918142,0.08266212486,"Glycinemax30","Glycinemax30r2",2025.02460517474
"208","Glycine","max","1/22/15",30,3,13.68373904,-0.420963105,0.420963105,0.01442215594,"Glycinemax30","Glycinemax30r3",187.24471411482
"209","Glycine","max","1/22/15",30,3,22.92719601,-1.042908826,1.042908826,0.03572995721,"Glycinemax30","Glycinemax30r3",525.65631688096
"210","Glycine","max","1/22/15",30,3,31.93137244,-1.796298323,1.796298323,0.06154100973,"Glycinemax30","Glycinemax30r3",1019.61254590199
"211","Glycine","max","1/22/15",30,3,40.94403737,-2.458738212,2.458738212,0.08423613733,"Glycinemax30","Glycinemax30r3",1676.41419615596
"212","Glycine","max","1/22/15",30,3,43.92588002,-2.771926415,2.771926415,0.09496593541,"Glycinemax30","Glycinemax30r3",1929.48293553144
"213","Glycine","max","2/4/15",30,4,13.86645031,-0.573586799,0.573586799,0.01819174565,"Glycinemax30","Glycinemax30r4",192.278444199699
"214","Glycine","max","2/4/15",30,4,22.86948744,-1.272484705,1.272484705,0.04035782921,"Glycinemax30","Glycinemax30r4",523.013455768318
"215","Glycine","max","2/4/15",30,4,31.92834351,-2.149459285,2.149459285,0.06817175124,"Glycinemax30","Glycinemax30r4",1019.41911929256
"216","Glycine","max","2/4/15",30,4,40.91502629,-3.224916992,3.224916992,0.102280718,"Glycinemax30","Glycinemax30r4",1674.03937631139
"217","Glycine","max","2/4/15",30,4,44.07198472,-3.145996558,3.145996558,0.09977769583,"Glycinemax30","Glycinemax30r4",1942.33983715991
"218","Glycine","max","2/4/15",30,5,13.71498912,-0.537899387,0.537899387,0.01443396074,"Glycinemax30","Glycinemax30r5",188.100926561718
"219","Glycine","max","2/4/15",30,5,23.32543044,-1.105850355,1.105850355,0.02967432386,"Glycinemax30","Glycinemax30r5",544.075705211279
"220","Glycine","max","2/4/15",30,5,32.61283957,-1.829987294,1.829987294,0.04910577218,"Glycinemax30","Glycinemax30r5",1063.59730481856
"221","Glycine","max","2/4/15",30,5,41.37109947,-2.502418307,2.502418307,0.06714974672,"Glycinemax30","Glycinemax30r5",1711.56787135663
"222","Glycine","max","2/4/15",30,5,42.07064255,-2.742310312,2.742310312,0.07358699477,"Glycinemax30","Glycinemax30r5",1769.93896456987
"223","Glycine","max","2/4/15",30,6,13.72819851,-0.44878019,0.44878019,0.01367577489,"Glycinemax30","Glycinemax30r6",188.463434329966
"224","Glycine","max","2/4/15",30,6,22.6840838,-1.043285812,1.043285812,0.03179227212,"Glycinemax30","Glycinemax30r6",514.567657845422
"225","Glycine","max","2/4/15",30,6,31.77554383,-1.880614477,1.880614477,0.05730836795,"Glycinemax30","Glycinemax30r6",1009.68518569225
"226","Glycine","max","2/4/15",30,6,40.85941775,-2.773605045,2.773605045,0.08452066088,"Glycinemax30","Glycinemax30r6",1669.49201886902
"227","Glycine","max","2/4/15",30,6,44.97798383,-2.948910395,2.948910395,0.08986277837,"Glycinemax30","Glycinemax30r6",2023.01902941174
"228","Glycine","max","3/10/15",35,1,13.71761153,-0.191603807,0.191603807,0.006641680692,"Glycinemax35","Glycinemax35r1",188.172866087989
"229","Glycine","max","3/10/15",35,1,23.42156636,-0.992093373,0.992093373,0.03438954329,"Glycinemax35","Glycinemax35r1",548.569770755884
"230","Glycine","max","3/10/15",35,1,32.18642625,-1.955041153,1.955041153,0.06776879493,"Glycinemax35","Glycinemax35r1",1035.96603474669
"231","Glycine","max","3/10/15",35,1,40.85637249,-2.396998967,2.396998967,0.0830886507,"Glycinemax35","Glycinemax35r1",1669.24317304163
"232","Glycine","max","3/10/15",35,1,41.38712068,-2.404949518,2.404949518,0.08336424554,"Glycinemax35","Glycinemax35r1",1712.89375818088
"243","Pinus","nigra","1/19/15",15,2,13.87386994,-0.575021951,0.698690098,0.003778895622,"Pinusnigra15","Pinusnigra15r2",192.484267112036
"244","Pinus","nigra","1/19/15",15,2,23.05661496,-0.943733495,1.146699265,0.006201972583,"Pinusnigra15","Pinusnigra15r2",531.607493413696
"245","Pinus","nigra","1/19/15",15,2,32.06171903,-1.973600621,2.398056648,0.01296999313,"Pinusnigra15","Pinusnigra15r2",1027.95382715866
"246","Pinus","nigra","1/19/15",15,2,41.25755761,-3.226857228,3.920847179,0.0212060716,"Pinusnigra15","Pinusnigra15r2",1702.18605994247
"247","Pinus","nigra","1/19/15",15,2,44.49941018,-3.525904845,4.284210019,0.02317133524,"Pinusnigra15","Pinusnigra15r2",1980.19750636789
"248","Pinus","nigra","1/19/15",15,3,13.78209305,-0.803162481,0.352909182,0.002650701257,"Pinusnigra15","Pinusnigra15r3",189.946088838858
"249","Pinus","nigra","1/19/15",15,3,22.84172347,-1.103835878,0.485024919,0.0036430227,"Pinusnigra15","Pinusnigra15r3",521.744331079949
"250","Pinus","nigra","1/19/15",15,3,31.88143809,-2.026529271,0.890455923,0.006688215417,"Pinusnigra15","Pinusnigra15r3",1016.4260946865
"251","Pinus","nigra","1/19/15",15,3,40.83013916,-3.123423947,1.372430881,0.01030832986,"Pinusnigra15","Pinusnigra15r3",1667.10026382497
"252","Pinus","nigra","1/19/15",15,3,45.80536849,-3.813850864,1.675804115,0.01258696655,"Pinusnigra15","Pinusnigra15r3",2098.13178250468
"253","Pinus","nigra","1/9/15",20,1,13.77799554,-0.228614148,0.280795269,0.001754072745,"Pinusnigra20","Pinusnigra20r1",189.83316110026
"254","Pinus","nigra","1/9/15",20,1,22.73741991,-0.081269775,0.099819581,0.0006235532631,"Pinusnigra20","Pinusnigra20r1",516.990264163664
"255","Pinus","nigra","1/9/15",20,1,32.04101077,-0.601742938,0.739090609,0.004616953488,"Pinusnigra20","Pinusnigra20r1",1026.62637116326
"256","Pinus","nigra","1/9/15",20,1,40.96199344,-1.55698478,1.912366158,0.01194617478,"Pinusnigra20","Pinusnigra20r1",1677.8849065786
"257","Pinus","nigra","1/9/15",20,1,43.60801177,-1.674876931,2.057167162,0.01285071814,"Pinusnigra20","Pinusnigra20r1",1901.65869053246
"258","Pinus","nigra","1/9/15",20,2,13.82827546,-0.393318959,0.58806722,0.00369892438,"Pinusnigra20","Pinusnigra20r2",191.221202197638
"259","Pinus","nigra","1/9/15",20,2,22.98417325,-0.949045689,1.418956924,0.008925194569,"Pinusnigra20","Pinusnigra20r2",528.272219986016
"260","Pinus","nigra","1/9/15",20,2,31.93777318,-1.516456559,2.267316062,0.01426134695,"Pinusnigra20","Pinusnigra20r2",1020.02135569713
"261","Pinus","nigra","1/9/15",20,2,41.06980813,-2.441797679,3.650831316,0.02296361453,"Pinusnigra20","Pinusnigra20r2",1686.72913983501
"262","Pinus","nigra","1/9/15",20,2,43.55999409,-2.428655933,3.631182556,0.02284002444,"Pinusnigra20","Pinusnigra20r2",1897.47308512084
"263","Pinus","nigra","1/9/15",20,3,13.83225635,-1.135332782,0.983681833,0.005714762326,"Pinusnigra20","Pinusnigra20r3",191.331315732115
"264","Pinus","nigra","1/9/15",20,3,22.86707714,-0.89736335,0.777498931,0.004516929613,"Pinusnigra20","Pinusnigra20r3",522.903216926711
"265","Pinus","nigra","1/9/15",20,3,31.86539959,-0.879670039,0.762168987,0.004427869326,"Pinusnigra20","Pinusnigra20r3",1015.40369103037
"266","Pinus","nigra","1/9/15",20,3,40.86043588,-2.865763325,2.482971834,0.01442498318,"Pinusnigra20","Pinusnigra20r3",1669.57522030359
"267","Pinus","nigra","1/9/15",20,3,45.79962267,-3.063231076,2.654063026,0.01541894837,"Pinusnigra20","Pinusnigra20r3",2097.60543671438
"268","Pinus","nigra","12/11/14",25,1,13.80050204,-1.059599683,1.06349918,0.006534016546,"Pinusnigra25","Pinusnigra25r1",190.453856556044
"269","Pinus","nigra","12/11/14",25,1,22.8980184,-2.351347095,2.36000043,0.01449957099,"Pinusnigra25","Pinusnigra25r1",524.319246646739
"270","Pinus","nigra","12/11/14",25,1,32.18730146,-4.509537,4.52613282,0.02780803905,"Pinusnigra25","Pinusnigra25r1",1036.02237527692
"271","Pinus","nigra","12/11/14",25,1,41.234546,-5.939684606,5.9615436,0.03662703766,"Pinusnigra25","Pinusnigra25r1",1700.28778382612
"272","Pinus","nigra","12/11/14",25,1,42.92491722,-6.491905088,6.515796341,0.0400323027,"Pinusnigra25","Pinusnigra25r1",1842.54851834385
"273","Pinus","nigra","12/11/14",25,2,13.13782774,-0.955268928,0.953045156,0.00590279461,"Pinusnigra25","Pinusnigra25r2",172.602517725914
"274","Pinus","nigra","12/11/14",25,2,23.09339489,-2.353540268,2.348061458,0.01454298827,"Pinusnigra25","Pinusnigra25r2",533.304887545478
"275","Pinus","nigra","12/11/14",25,2,32.01243036,-4.151828977,4.142163928,0.02565496793,"Pinusnigra25","Pinusnigra25r2",1024.79569755385
"276","Pinus","nigra","12/11/14",25,2,43.57228418,-7.241732897,7.224874856,0.04474809205,"Pinusnigra25","Pinusnigra25r2",1898.54394866268
"277","Pinus","nigra","12/11/14",25,2,49.06145547,-7.956519855,7.93799786,0.04916490127,"Pinusnigra25","Pinusnigra25r2",2407.02641283479
"278","Pinus","nigra","12/11/14",25,3,13.86257829,-0.570193175,0.914015241,0.004936737443,"Pinusnigra25","Pinusnigra25r3",192.171076846379
"279","Pinus","nigra","12/11/14",25,3,22.85383415,-0.624948058,1.001786895,0.005410805696,"Pinusnigra25","Pinusnigra25r3",522.297735355706
"280","Pinus","nigra","12/11/14",25,3,31.827396,-1.138137927,1.824426279,0.009854008025,"Pinusnigra25","Pinusnigra25r3",1012.98313614082
"281","Pinus","nigra","12/11/14",25,3,40.72385012,-2.852360276,4.572311423,0.02469575996,"Pinusnigra25","Pinusnigra25r3",1658.43196859622
"282","Pinus","nigra","12/11/14",25,3,44.65349579,-2.620497095,4.20063654,0.02268828653,"Pinusnigra25","Pinusnigra25r3",1993.93468626755
"283","Pinus","nigra","1/28/15",30,1,13.91695343,-0.38707574,0.302324192,0.003008360676,"Pinusnigra30","Pinusnigra30r1",193.681592772789
"284","Pinus","nigra","1/28/15",30,1,23.02956208,-0.760110505,0.593681727,0.005907594596,"Pinusnigra30","Pinusnigra30r1",530.360729596574
"285","Pinus","nigra","1/28/15",30,1,32.00716551,-1.627661627,1.271279583,0.0126502199,"Pinusnigra30","Pinusnigra30r1",1024.45864398453
"286","Pinus","nigra","1/28/15",30,1,41.10611791,-2.296816252,1.79392053,0.01785090351,"Pinusnigra30","Pinusnigra30r1",1689.71292963082
"287","Pinus","nigra","1/28/15",30,1,43.87696249,-2.231732638,1.743087195,0.01734507232,"Pinusnigra30","Pinusnigra30r1",1925.18783734887
"288","Pinus","nigra","1/28/15",30,3,13.85138183,-0.413231665,0.365907614,0.002182561612,"Pinusnigra30","Pinusnigra30r3",191.860778600454
"289","Pinus","nigra","1/28/15",30,3,22.77121629,-0.903442097,0.799978244,0.004771701217,"Pinusnigra30","Pinusnigra30r3",518.528291325961
"290","Pinus","nigra","1/28/15",30,3,31.83325807,-1.474630075,1.305752723,0.007788539127,"Pinusnigra30","Pinusnigra30r3",1013.35631935122
"291","Pinus","nigra","1/28/15",30,3,40.86741165,-2.482390939,2.198102957,0.01311121975,"Pinusnigra30","Pinusnigra30r3",1670.14533497056
"292","Pinus","nigra","1/28/15",30,3,46.46379379,-2.811547205,2.489563641,0.01484972115,"Pinusnigra30","Pinusnigra30r3",2158.88413335964
"293","Pinus","nigra","11/20/14",35,1,13.87039657,-0.497193,0.380116973,0.002734333639,"Pinusnigra35","Pinusnigra35r1",192.387901009068
"294","Pinus","nigra","11/20/14",35,1,22.93121017,-0.426571437,0.326124951,0.002345947405,"Pinusnigra35","Pinusnigra35r1",525.840399860711
"295","Pinus","nigra","11/20/14",35,1,31.97086499,-1.169413717,0.894047184,0.006431239505,"Pinusnigra35","Pinusnigra35r1",1022.13620820881
"296","Pinus","nigra","11/20/14",35,1,41.28453532,-1.753165191,1.34034036,0.009641605085,"Pinusnigra35","Pinusnigra35r1",1704.41285658833
"297","Pinus","nigra","11/20/14",35,1,43.8515762,-1.66766509,1.27497331,0.00917139371,"Pinusnigra35","Pinusnigra35r1",1922.96073522441
"298","Pinus","nigra","11/20/14",35,2,13.76125908,-0.660435581,0.505628874,0.00388491518,"Pinusnigra35","Pinusnigra35r2",189.372251466882
"299","Pinus","nigra","11/20/14",35,2,21.83185837,-0.186795657,0.143010584,0.001098797985,"Pinusnigra35","Pinusnigra35r2",476.630039887739
"300","Pinus","nigra","11/20/14",35,2,30.79738591,-0.732042566,0.560451116,0.004306132739,"Pinusnigra35","Pinusnigra35r2",948.478978889466
"301","Pinus","nigra","11/20/14",35,2,40.98702489,-1.833770786,1.403933229,0.01078688698,"Pinusnigra35","Pinusnigra35r2",1679.93620933348
"302","Pinus","nigra","11/20/14",35,2,49.07697903,-1.786127574,1.36745763,0.01050663279,"Pinusnigra35","Pinusnigra35r2",2408.54987071106
"313","Pinus","pinaster","1/16/15",15,2,13.95545029,-1.209052486,0.76740875,0.006889187953,"Pinuspinaster15","Pinuspinaster15r2",194.754592796661
"314","Pinus","pinaster","1/16/15",15,2,23.46598036,-2.103792338,1.335317257,0.01198742073,"Pinuspinaster15","Pinuspinaster15r2",550.652234255906
"315","Pinus","pinaster","1/16/15",15,2,32.03324963,-3.287087448,2.086377307,0.01872984301,"Pinuspinaster15","Pinuspinaster15r2",1026.1290818579
"316","Pinus","pinaster","1/16/15",15,2,41.4750549,-5.718688075,3.629760758,0.03258511724,"Pinuspinaster15","Pinuspinaster15r2",1720.18017895801
"317","Pinus","pinaster","1/16/15",15,2,44.73999078,-6.322587396,4.013067214,0.03602613901,"Pinuspinaster15","Pinuspinaster15r2",2001.66677499448
"328","Pinus","pinaster","1/8/15",20,2,13.44532726,-0.827430715,0.472952681,0.003752520251,"Pinuspinaster20","Pinuspinaster20r2",180.776825128499
"329","Pinus","pinaster","1/8/15",20,2,22.91019966,-1.938771261,1.108185916,0.008792613427,"Pinuspinaster20","Pinuspinaster20r2",524.877248461064
"330","Pinus","pinaster","1/8/15",20,2,32.37774901,-3.496982984,1.99884709,0.01585933326,"Pinuspinaster20","Pinuspinaster20r2",1048.31863095456
"331","Pinus","pinaster","1/8/15",20,2,41.08890788,-5.903031835,3.374125084,0.02677111943,"Pinuspinaster20","Pinuspinaster20r2",1688.29835077113
"332","Pinus","pinaster","1/8/15",20,2,43.34184473,-6.150460457,3.515553276,0.0278932447,"Pinuspinaster20","Pinuspinaster20r2",1878.51550459943
"338","Pinus","pinaster","12/3/14",25,1,13.80205016,-0.881245836,0.314150973,0.002338555957,"Pinuspinaster25","Pinuspinaster25r1",190.496588619156
"339","Pinus","pinaster","12/3/14",25,1,23.06909569,-1.764644565,0.629069419,0.004682825029,"Pinuspinaster25","Pinuspinaster25r1",532.183175954377
"340","Pinus","pinaster","12/3/14",25,1,31.87463275,-3.653979604,1.302589129,0.009696540303,"Pinuspinaster25","Pinuspinaster25r1",1015.99221294737
"341","Pinus","pinaster","12/3/14",25,1,40.92211008,-5.872744176,2.093545544,0.01558446044,"Pinuspinaster25","Pinuspinaster25r1",1674.61909339964
"342","Pinus","pinaster","12/3/14",25,1,43.43079862,-6.640716794,2.367316307,0.01762242404,"Pinuspinaster25","Pinuspinaster25r1",1886.23426877099
"343","Pinus","pinaster","12/3/14",25,2,13.84966603,-0.619339013,0.38972565,0.002760797976,"Pinuspinaster25","Pinuspinaster25r2",191.813249142536
"344","Pinus","pinaster","12/3/14",25,2,23.60504601,-1.544996977,0.972205754,0.006887059333,"Pinuspinaster25","Pinuspinaster25r2",557.198197134217
"345","Pinus","pinaster","12/3/14",25,2,32.10513206,-3.319528229,2.088848388,0.01479730266,"Pinuspinaster25","Pinuspinaster25r2",1030.73950459004
"346","Pinus","pinaster","12/3/14",25,2,40.76756784,-4.94053089,3.108881525,0.0220231689,"Pinuspinaster25","Pinuspinaster25r2",1661.994587589
"347","Pinus","pinaster","12/3/14",25,2,41.78586232,-4.893434801,3.079245811,0.02181323091,"Pinuspinaster25","Pinuspinaster25r2",1746.058289826
"348","Pinus","pinaster","12/3/14",25,3,13.80745099,-1.143603004,0.522352164,0.003982366815,"Pinuspinaster25","Pinuspinaster25r3",190.645702841252
"349","Pinus","pinaster","12/3/14",25,3,22.83042224,-2.323447245,1.061257877,0.008090936429,"Pinuspinaster25","Pinuspinaster25r3",521.228179656687
"350","Pinus","pinaster","12/3/14",25,3,31.8693601,-4.814425613,2.199037278,0.01676526621,"Pinuspinaster25","Pinuspinaster25r3",1015.65611318347
"351","Pinus","pinaster","12/3/14",25,3,40.8566261,-7.295427228,3.332259696,0.02540485396,"Pinuspinaster25","Pinuspinaster25r3",1669.2638962752
"352","Pinus","pinaster","12/3/14",25,3,45.1038012,-8.975402271,4.099605179,0.03125502822,"Pinuspinaster25","Pinuspinaster25r3",2034.35288268912
"353","Pinus","pinaster","1/27/15",30,1,13.92754563,-0.417035553,0.214029024,0.001865930887,"Pinuspinaster30","Pinuspinaster30r1",193.976527275732
"354","Pinus","pinaster","1/27/15",30,1,23.15124357,-0.697799386,0.358121317,0.003122144904,"Pinuspinaster30","Pinuspinaster30r1",535.980078837466
"355","Pinus","pinaster","1/27/15",30,1,31.89735719,-1.482050612,0.76061104,0.006631098937,"Pinuspinaster30","Pinuspinaster30r1",1017.44139570644
"356","Pinus","pinaster","1/27/15",30,1,41.00844242,-2.243193927,1.15124143,0.01003666187,"Pinuspinaster30","Pinuspinaster30r1",1681.69234971446
"357","Pinus","pinaster","1/27/15",30,1,43.13849102,-2.375220485,1.218999479,0.01062738472,"Pinuspinaster30","Pinuspinaster30r1",1860.92940748262
"358","Pinus","pinaster","1/27/15",30,2,13.31780738,-0.702164509,0.320940585,0.003194076614,"Pinuspinaster30","Pinuspinaster30r2",177.363993410782
"359","Pinus","pinaster","1/27/15",30,2,23.52235759,-1.462218146,0.668340739,0.006651485122,"Pinuspinaster30","Pinuspinaster30r2",553.301306591831
"360","Pinus","pinaster","1/27/15",30,2,32.30035869,-3.190121513,1.458119073,0.01451154593,"Pinuspinaster30","Pinuspinaster30r2",1043.31317150266
"361","Pinus","pinaster","1/27/15",30,2,41.2630053,-4.926231057,2.251648232,0.02240893582,"Pinuspinaster30","Pinuspinaster30r2",1702.63560638783
"362","Pinus","pinaster","1/27/15",30,2,42.58543051,-5.0251759,2.296873269,0.02285902608,"Pinuspinaster30","Pinuspinaster30r2",1813.51889172204
"368","Pinus","pinaster","11/13/14",35,1,13.97920978,-0.989832932,0.900940169,0.007498734333,"Pinuspinaster35","Pinuspinaster35r1",195.418306073248
"369","Pinus","pinaster","11/13/14",35,1,23.11078427,-1.373541496,1.250189468,0.01040561739,"Pinuspinaster35","Pinuspinaster35r1",534.108349574479
"370","Pinus","pinaster","11/13/14",35,1,31.8201462,-2.457809041,2.237083472,0.01861976546,"Pinuspinaster35","Pinuspinaster35r1",1012.52170418937
"371","Pinus","pinaster","11/13/14",35,1,41.37321625,-3.571538477,3.250793517,0.02705710968,"Pinuspinaster35","Pinuspinaster35r1",1711.74302286926
"372","Pinus","pinaster","11/13/14",35,1,44.82693881,-4.087335593,3.720269047,0.03096466358,"Pinuspinaster35","Pinuspinaster35r1",2009.45444307548
"373","Pinus","pinaster","11/13/14",35,2,14.1346876,-0.691520491,0.973743944,0.008790514711,"Pinuspinaster35","Pinuspinaster35r2",199.789393549594
"374","Pinus","pinaster","11/13/14",35,2,22.84749661,-1.222028981,1.720763643,0.0155342667,"Pinuspinaster35","Pinuspinaster35r2",522.008101343961
"375","Pinus","pinaster","11/13/14",35,2,32.20275463,-2.04312871,2.876970726,0.02597197513,"Pinuspinaster35","Pinuspinaster35r2",1037.01740575999
"376","Pinus","pinaster","11/13/14",35,2,41.57058882,-2.973074973,4.186446805,0.03779332593,"Pinuspinaster35","Pinuspinaster35r2",1728.11385484151
"377","Pinus","pinaster","11/13/14",35,2,43.32584646,-3.017092401,4.248428633,0.0383528695,"Pinuspinaster35","Pinuspinaster35r2",1877.12897147549
"378","Pinus","pinaster","2/5/15",35,4,13.82565875,-0.35713222,0.208341597,0.001984067892,"Pinuspinaster35","Pinuspinaster35r4",191.148839871452
"379","Pinus","pinaster","2/5/15",35,4,23.04961829,-0.819906106,0.478311778,0.00455503392,"Pinuspinaster35","Pinuspinaster35r4",531.284903314703
"380","Pinus","pinaster","2/5/15",35,4,31.86605124,-2.115537363,1.234149167,0.01175298535,"Pinuspinaster35","Pinuspinaster35r4",1015.44522163031
"381","Pinus","pinaster","2/5/15",35,4,41.10974984,-2.953152017,1.722791648,0.0164064001,"Pinuspinaster35","Pinuspinaster35r4",1690.01153190738
"382","Pinus","pinaster","2/5/15",35,4,43.29659774,-3.165705559,1.846789825,0.0175872531,"Pinuspinaster35","Pinuspinaster35r4",1874.59537585937
"383","Pinus","pinaster","2/5/15",35,5,13.57586184,-0.071670856,0.058746603,0.0006535336436,"Pinuspinaster35","Pinuspinaster35r5",184.304024698768
"384","Pinus","pinaster","2/5/15",35,5,23.61146337,-0.720561581,0.590624247,0.006570470344,"Pinuspinaster35","Pinuspinaster35r5",557.501202472852
"385","Pinus","pinaster","2/5/15",35,5,32.65555746,-1.618052271,1.326272353,0.01475427602,"Pinuspinaster35","Pinuspinaster35r5",1066.38543302336
"386","Pinus","pinaster","2/5/15",35,5,41.56102579,-2.509324644,2.056823479,0.02288137973,"Pinuspinaster35","Pinuspinaster35r5",1727.31886471705
"387","Pinus","pinaster","2/5/15",35,5,43.56673569,-2.357699886,1.932540891,0.02149878316,"Pinuspinaster35","Pinuspinaster35r5",1898.06045868232
"388","Pinus","pinea","1/15/15",15,1,13.81864028,-0.489741716,0.317327246,0.002178243363,"Pinuspinea15","Pinuspinea15r1",190.954819188038
"389","Pinus","pinea","1/15/15",15,1,23.00496318,-1.213930013,0.786563723,0.005399243942,"Pinuspinea15","Pinuspinea15r1",529.228330913156
"390","Pinus","pinea","1/15/15",15,1,31.66407351,-1.851278847,1.19953273,0.008234005249,"Pinuspinea15","Pinuspinea15r1",1002.61355124668
"391","Pinus","pinea","1/15/15",15,1,41.41988323,-2.742982578,1.777310526,0.01220007077,"Pinuspinea15","Pinuspinea15r1",1715.60672678684
"392","Pinus","pinea","1/15/15",15,1,45.49876271,-3.140346985,2.034782064,0.01396744397,"Pinuspinea15","Pinuspinea15r1",2070.13740814089
"403","Pinus","pinea","12/18/14",20,1,13.79733953,-1.076497709,0.634415701,0.00368663599,"Pinuspinea20","Pinuspinea20r1",190.366578106101
"404","Pinus","pinea","12/18/14",20,1,23.28443692,-2.596924744,1.530453636,0.00889357789,"Pinuspinea20","Pinuspinea20r1",542.165002681459
"405","Pinus","pinea","12/18/14",20,1,32.42798632,-4.985436005,2.938082313,0.01707341098,"Pinuspinea20","Pinuspinea20r1",1051.57429677011
"406","Pinus","pinea","12/18/14",20,1,40.86914108,-7.244661996,4.269518905,0.02481048629,"Pinuspinea20","Pinuspinea20r1",1670.28669261694
"407","Pinus","pinea","12/18/14",20,1,43.35714672,-7.754174158,4.569791273,0.02655539095,"Pinuspinea20","Pinuspinea20r1",1879.84217169961
"418","Pinus","pinea","12/1/14",25,1,13.83783028,-1.011938461,0.817838196,0.005621880339,"Pinuspinea25","Pinuspinea25r1",191.485546858085
"419","Pinus","pinea","12/1/14",25,1,23.51670152,-2.00378483,1.619438171,0.01113213794,"Pinuspinea25","Pinuspinea25r1",553.03525038077
"420","Pinus","pinea","12/1/14",25,1,32.33995255,-3.759292403,3.038221231,0.0208849578,"Pinuspinea25","Pinuspinea25r1",1045.87253093625
"421","Pinus","pinea","12/1/14",25,1,41.04218309,-4.870363187,3.936177145,0.02705757326,"Pinuspinea25","Pinuspinea25r1",1684.46079279308
"422","Pinus","pinea","12/1/14",25,1,43.90358006,-5.058056631,4.087869044,0.02810031462,"Pinuspinea25","Pinuspinea25r1",1927.52434208483
"423","Pinus","pinea","12/1/14",25,2,13.56913306,-1.314673468,0.658379168,0.004479296314,"Pinuspinea25","Pinuspinea25r2",184.121371999985
"424","Pinus","pinea","12/1/14",25,2,22.83804628,-2.261431383,1.13250883,0.007705047302,"Pinuspinea25","Pinuspinea25r2",521.576357887422
"425","Pinus","pinea","12/1/14",25,2,31.84228819,-4.44017893,2.223610181,0.01512837795,"Pinuspinea25","Pinuspinea25r2",1013.93131717501
"426","Pinus","pinea","12/1/14",25,2,39.84262748,-6.905666094,3.458308703,0.02352867494,"Pinuspinea25","Pinuspinea25r2",1587.43496451005
"427","Pinus","pinea","12/1/14",25,2,49.49392478,-8.773382624,4.393647921,0.0298922747,"Pinuspinea25","Pinuspinea25r2",2449.6485901283
"433","Pinus","pinea","1/26/15",30,1,13.82688544,-0.051781013,0.033062262,0.000302812942,"Pinuspinea30","Pinuspinea30r1",191.182760970884
"434","Pinus","pinea","1/26/15",30,1,23.13101491,-0.699992112,0.446946118,0.004093521125,"Pinuspinea30","Pinuspinea30r1",535.043850766642
"435","Pinus","pinea","1/26/15",30,1,32.11644672,-1.789120672,1.1423565,0.01046269399,"Pinuspinea30","Pinuspinea30r1",1031.4661499186
"436","Pinus","pinea","1/26/15",30,1,40.92880813,-2.262465584,1.444588007,0.01323079289,"Pinuspinea30","Pinuspinea30r1",1675.16733494235
"437","Pinus","pinea","1/26/15",30,1,44.09174278,-2.571873165,1.642145258,0.01504019395,"Pinuspinea30","Pinuspinea30r1",1944.08178137768
"468","Pinus","sylvestris","1/20/15",15,1,13.33326986,-0.190639761,0.103346455,0.0005517793371,"Pinussylvestris15","Pinussylvestris15r1",177.776085159584
"469","Pinus","sylvestris","1/20/15",15,1,22.93605423,-1.112135923,0.602892622,0.003218917288,"Pinussylvestris15","Pinussylvestris15r1",526.062583641501
"470","Pinus","sylvestris","1/20/15",15,1,32.24900304,-1.745676908,0.946337319,0.005052610442,"Pinussylvestris15","Pinussylvestris15r1",1039.99819707393
"471","Pinus","sylvestris","1/20/15",15,1,41.2315464,-2.710565174,1.469406491,0.00784534059,"Pinussylvestris15","Pinussylvestris15r1",1700.04041853535
"472","Pinus","sylvestris","1/20/15",15,1,43.26298423,-2.633490746,1.427624185,0.007622259758,"Pinussylvestris15","Pinussylvestris15r1",1871.68580448523
"483","Pinus","sylvestris","1/13/15",20,2,13.8938886,-0.874935979,0.599544983,0.00350910152,"Pinussylvestris20","Pinussylvestris20r2",193.04014042921
"484","Pinus","sylvestris","1/13/15",20,2,23.2120487,-1.808114353,1.239000242,0.007251795534,"Pinussylvestris20","Pinussylvestris20r2",538.799204851172
"485","Pinus","sylvestris","1/13/15",20,2,32.43909212,-3.33376019,2.284440514,0.01337069595,"Pinussylvestris20","Pinussylvestris20r2",1052.29469756985
"486","Pinus","sylvestris","1/13/15",20,2,41.46014023,-4.976042445,3.409805239,0.01995738949,"Pinussylvestris20","Pinussylvestris20r2",1718.94322789126
"487","Pinus","sylvestris","1/13/15",20,2,42.64558324,-5.280073103,3.618140545,0.02117676378,"Pinussylvestris20","Pinussylvestris20r2",1818.64576987977
"488","Pinus","sylvestris","12/10/14",25,1,13.7265545,-0.84003127,0.711790372,0.003623427478,"Pinussylvestris25","Pinussylvestris25r1",188.41829844147
"489","Pinus","sylvestris","12/10/14",25,1,23.15356203,-1.582262397,1.34071097,0.006824999554,"Pinussylvestris25","Pinussylvestris25r1",536.087434677058
"490","Pinus","sylvestris","12/10/14",25,1,31.94784511,-3.185991651,2.699611624,0.01374259519,"Pinussylvestris25","Pinussylvestris25r1",1020.66480717255
"491","Pinus","sylvestris","12/10/14",25,1,40.93983182,-4.808727304,4.07461712,0.02074217385,"Pinussylvestris25","Pinussylvestris25r1",1676.06982944988
"492","Pinus","sylvestris","12/10/14",25,1,43.55743148,-5.075415868,4.30059246,0.02189251992,"Pinussylvestris25","Pinussylvestris25r1",1897.24983713489
"493","Pinus","sylvestris","12/10/14",25,2,14.58592987,-0.436332471,0.410794732,0.00336936271,"Pinussylvestris25","Pinussylvestris25r2",212.749350172558
"494","Pinus","sylvestris","12/10/14",25,2,23.36633351,-1.036039987,0.975402467,0.008000308776,"Pinussylvestris25","Pinussylvestris25r2",545.985541700549
"495","Pinus","sylvestris","12/10/14",25,2,32.02843389,-1.785786543,1.681267732,0.01378985747,"Pinussylvestris25","Pinussylvestris25r2",1025.8205774461
"496","Pinus","sylvestris","12/10/14",25,2,41.52506955,-2.362577299,2.224299984,0.01824384015,"Pinussylvestris25","Pinussylvestris25r2",1724.33140113234
"497","Pinus","sylvestris","12/10/14",25,2,48.14744513,-2.706486873,2.548081161,0.02089951254,"Pinussylvestris25","Pinussylvestris25r2",2318.17647254636
"503","Pinus","sylvestris","1/29/15",30,1,13.90537041,-0.116709569,0.119192752,0.0008030474965,"Pinussylvestris30","Pinussylvestris30r1",193.359326239304
"504","Pinus","sylvestris","1/29/15",30,1,22.93239507,-0.415054956,0.423885913,0.002855882728,"Pinussylvestris30","Pinussylvestris30r1",525.89474364656
"505","Pinus","sylvestris","1/29/15",30,1,31.98610455,-0.846153412,0.864156677,0.005822156508,"Pinussylvestris30","Pinussylvestris30r1",1023.11088428353
"506","Pinus","sylvestris","1/29/15",30,1,40.98406792,-1.395939411,1.425640249,0.009605087687,"Pinussylvestris30","Pinussylvestris30r1",1679.69382327117
"507","Pinus","sylvestris","1/29/15",30,1,42.43419439,-1.345990891,1.374628995,0.009261405212,"Pinussylvestris30","Pinussylvestris30r1",1800.66085352831
"508","Pinus","sylvestris","1/29/15",30,2,13.84595867,-0.318721841,1.668700736,0.008853384463,"Pinussylvestris30","Pinussylvestris30r2",191.710571491348
"509","Pinus","sylvestris","1/29/15",30,2,23.11965708,-0.443618783,2.322611429,0.01232274397,"Pinussylvestris30","Pinussylvestris30r2",534.518543496794
"510","Pinus","sylvestris","1/29/15",30,2,32.20608833,-0.680982332,3.565352524,0.01891617589,"Pinussylvestris30","Pinussylvestris30r2",1037.23212551976
"511","Pinus","sylvestris","1/29/15",30,2,41.10999066,-0.874035274,4.576100911,0.02427875761,"Pinussylvestris30","Pinussylvestris30r2",1690.03133206529
"512","Pinus","sylvestris","1/29/15",30,2,44.16933424,-0.848864617,4.444317367,0.0235795727,"Pinussylvestris30","Pinussylvestris30r2",1950.93008720484
"513","Pinus","sylvestris","1/29/15",30,3,13.80578452,-1.12174638,0.702922013,0.005802136446,"Pinussylvestris30","Pinussylvestris30r3",190.599686212672
"514","Pinus","sylvestris","1/29/15",30,3,22.71471425,-1.947474002,1.220349244,0.01007314139,"Pinussylvestris30","Pinussylvestris30r3",515.958243459153
"515","Pinus","sylvestris","1/29/15",30,3,31.85505772,-3.437981923,2.154348986,0.01778266512,"Pinussylvestris30","Pinussylvestris30r3",1014.74470234453
"516","Pinus","sylvestris","1/29/15",30,3,40.9041654,-5.64603017,3.537982352,0.02920360433,"Pinussylvestris30","Pinussylvestris30r3",1673.15074707056
"517","Pinus","sylvestris","1/29/15",30,3,46.05637639,-5.741566316,3.597848344,0.02969775681,"Pinussylvestris30","Pinussylvestris30r3",2121.18980617735
"518","Pinus","sylvestris","11/24/14",35,1,13.93787688,-0.790063714,0.39668471,0.003440045197,"Pinussylvestris35","Pinussylvestris35r1",194.264411922039
"519","Pinus","sylvestris","11/24/14",35,1,23.80457159,-1.850034075,0.928887402,0.008055300762,"Pinussylvestris35","Pinussylvestris35r1",566.657628583435
"520","Pinus","sylvestris","11/24/14",35,1,32.21063024,-3.424040602,1.719183566,0.01490873992,"Pinussylvestris35","Pinussylvestris35r1",1037.524700458
"521","Pinus","sylvestris","11/24/14",35,1,41.07993466,-5.239907729,2.630916014,0.02281527313,"Pinussylvestris35","Pinussylvestris35r1",1687.56103166987
"522","Pinus","sylvestris","11/24/14",35,1,43.23458099,-5.40560535,2.714111473,0.02353674318,"Pinussylvestris35","Pinussylvestris35r1",1869.22899338087
"523","Pinus","sylvestris","11/24/14",35,2,13.8489894,-1.440686134,0.733173605,0.005163749584,"Pinussylvestris35","Pinussylvestris35r2",191.794507401312
"524","Pinus","sylvestris","11/24/14",35,2,23.43037319,-2.95830931,1.505500921,0.01060325918,"Pinussylvestris35","Pinussylvestris35r2",548.982387822671
"525","Pinus","sylvestris","11/24/14",35,2,32.30658982,-5.982941601,3.044753996,0.02144423513,"Pinussylvestris35","Pinussylvestris35r2",1043.71574579773
"526","Pinus","sylvestris","11/24/14",35,2,41.03366222,-8.085185151,4.114598041,0.02897915825,"Pinussylvestris35","Pinussylvestris35r2",1683.76143518506
"527","Pinus","sylvestris","11/24/14",35,2,43.42499658,-9.106071194,4.634132923,0.03263824801,"Pinussylvestris35","Pinussylvestris35r2",1885.73032797301
"528","Pinus","sylvestris","11/24/14",35,3,13.71185089,-1.17685594,0.555470079,0.004720010454,"Pinussylvestris35","Pinussylvestris35r3",188.014854829594
"529","Pinus","sylvestris","11/24/14",35,3,22.65255908,-1.740963478,0.821725997,0.006982473844,"Pinussylvestris35","Pinussylvestris35r3",513.13843287289
"530","Pinus","sylvestris","11/24/14",35,3,31.45701572,-3.135717836,1.480043031,0.01257640843,"Pinussylvestris35","Pinussylvestris35r3",989.543838008327
"531","Pinus","sylvestris","11/24/14",35,3,40.46330888,-5.229650928,2.468368909,0.02097453581,"Pinussylvestris35","Pinussylvestris35r3",1637.27936551829
"532","Pinus","sylvestris","11/24/14",35,3,43.76570208,-5.559565835,2.624087084,0.02229772394,"Pinussylvestris35","Pinussylvestris35r3",1915.43667855532
"533","Zea","mays","1/14/15",15,1,13.83268613,-0.22871884,0.22871884,0.01025276183,"Zeamays15","Zeamays15r1",191.343205571094
"534","Zea","mays","1/14/15",15,1,22.87292827,-0.464776394,0.464776394,0.02083449564,"Zeamays15","Zeamays15r1",523.170847644565
"535","Zea","mays","1/14/15",15,1,32.27127387,-0.693464842,0.693464842,0.03108589515,"Zeamays15","Zeamays15r1",1041.43511719254
"536","Zea","mays","1/14/15",15,1,41.03512988,-1.12331692,1.12331692,0.05035484115,"Zeamays15","Zeamays15r1",1683.88188426847
"537","Zea","mays","1/14/15",15,1,46.10819418,-1.347136988,1.347136988,0.06038800616,"Zeamays15","Zeamays15r1",2125.96557054059
"538","Zea","mays","1/14/15",15,2,13.82406794,-0.270278613,0.270278613,0.01337820632,"Zeamays15","Zeamays15r2",191.104854409736
"539","Zea","mays","1/14/15",15,2,23.256816,-0.734928802,0.734928802,0.03637738493,"Zeamays15","Zeamays15r2",540.879490457856
"540","Zea","mays","1/14/15",15,2,32.5373523,-1.415227646,1.415227646,0.07005070523,"Zeamays15","Zeamays15r2",1058.67929469432
"541","Zea","mays","1/14/15",15,2,41.23341994,-2.212393792,2.212393792,0.109508704,"Zeamays15","Zeamays15r2",1700.19491994839
"542","Zea","mays","1/14/15",15,2,43.8096199,-2.342595193,2.342595193,0.1159533915,"Zeamays15","Zeamays15r2",1919.28279578248
"543","Zea","mays","1/14/15",15,3,13.76134297,-0.645488172,0.645488172,0.02692909728,"Zeamays15","Zeamays15r3",189.374560337968
"544","Zea","mays","1/14/15",15,3,22.70685387,-0.289867973,0.289867973,0.01209299129,"Zeamays15","Zeamays15r3",515.601212673534
"545","Zea","mays","1/14/15",15,3,32.01387392,-1.004869036,1.004869036,0.04192209432,"Zeamays15","Zeamays15r3",1024.88812336566
"546","Zea","mays","1/14/15",15,3,40.77728574,-2.128479535,2.128479535,0.08879795933,"Zeamays15","Zeamays15r3",1662.78703232161
"547","Zea","mays","1/14/15",15,3,46.6129882,-1.92512235,1.92512235,0.0803141084,"Zeamays15","Zeamays15r3",2172.77066893334
"548","Zea","mays","12/15/14",20,1,13.8292424,-0.659710448,0.659710448,0.01892884122,"Zeamays20","Zeamays20r1",191.247945357958
"549","Zea","mays","12/15/14",20,1,23.33776691,-0.631389848,0.631389848,0.01811624813,"Zeamays20","Zeamays20r1",544.651364345491
"550","Zea","mays","12/15/14",20,1,32.67723222,-1.21382842,1.21382842,0.03482795443,"Zeamays20","Zeamays20r1",1067.80150555981
"551","Zea","mays","12/15/14",20,1,41.31447403,-2.304335196,2.304335196,0.06611748404,"Zeamays20","Zeamays20r1",1706.88576437554
"552","Zea","mays","12/15/14",20,1,42.24918946,-2.323846201,2.323846201,0.06667730648,"Zeamays20","Zeamays20r1",1784.99401002697
"553","Zea","mays","12/15/14",20,2,13.73144726,-0.382257356,0.382257356,0.01019769011,"Zeamays20","Zeamays20r2",188.552643854161
"554","Zea","mays","12/15/14",20,2,23.47517917,-0.854585896,0.854585896,0.02279825884,"Zeamays20","Zeamays20r2",551.084037063602
"555","Zea","mays","12/15/14",20,2,32.31853469,-1.307020341,1.307020341,0.03486810183,"Zeamays20","Zeamays20r2",1044.48768450873
"556","Zea","mays","12/15/14",20,2,41.11999623,-2.318716911,2.318716911,0.06185768871,"Zeamays20","Zeamays20r2",1690.85408995521
"557","Zea","mays","12/15/14",20,2,43.17851136,-2.268980406,2.268980406,0.06053084054,"Zeamays20","Zeamays20r2",1864.38384326565
"563","Zea","mays","12/22/14",25,1,13.7874619,-0.304077726,0.304077726,0.01205596353,"Zeamays25","Zeamays25r1",190.094105643952
"564","Zea","mays","12/22/14",25,1,22.74431463,-1.111364178,1.111364178,0.04406296438,"Zeamays25","Zeamays25r1",517.303847988432
"565","Zea","mays","12/22/14",25,1,31.87228866,-1.436944057,1.436944057,0.05697143749,"Zeamays25","Zeamays25r1",1015.84278442636
"566","Zea","mays","12/22/14",25,1,40.86130298,-2.612557828,2.612557828,0.1035817465,"Zeamays25","Zeamays25r1",1669.64608122336
"567","Zea","mays","12/22/14",25,1,43.20368524,-3.057071584,3.057071584,0.1212056669,"Zeamays25","Zeamays25r1",1866.55841831699
"573","Zea","mays","12/22/14",25,3,13.79881119,-1.054818713,1.054818713,0.04652238153,"Zeamays25","Zeamays25r3",190.407190257269
"574","Zea","mays","12/22/14",25,3,22.73275809,-0.945126972,0.945126972,0.04168446866,"Zeamays25","Zeamays25r3",516.77829037846
"575","Zea","mays","12/22/14",25,3,31.75466517,-1.543641508,1.543641508,0.06808172657,"Zeamays25","Zeamays25r3",1008.35876005881
"576","Zea","mays","12/22/14",25,3,40.91498697,-2.388135333,2.388135333,0.1053278082,"Zeamays25","Zeamays25r3",1674.03615875527
"577","Zea","mays","12/22/14",25,3,46.39915545,-2.830742158,2.830742158,0.1248488153,"Zeamays25","Zeamays25r3",2152.88162647326
"583","Zea","mays","1/21/15",30,2,13.85292078,-0.27403122,0.27403122,0.008684537353,"Zeamays30","Zeamays30r2",191.903414136956
"584","Zea","mays","1/21/15",30,2,23.14758951,-0.740440405,0.740440405,0.02346587504,"Zeamays30","Zeamays30r2",535.810900123462
"585","Zea","mays","1/21/15",30,2,32.19181585,-1.179828411,1.179828411,0.03739086342,"Zeamays30","Zeamays30r2",1036.31300772031
"586","Zea","mays","1/21/15",30,2,41.37033775,-1.596633279,1.596633279,0.05060015193,"Zeamays30","Zeamays30r2",1711.50484554907
"587","Zea","mays","1/21/15",30,2,43.81073181,-1.901456185,1.901456185,0.06026053267,"Zeamays30","Zeamays30r2",1919.38022172775
"593","Zea","mays","3/12/15",30,4,13.86088649,-0.177094214,0.177094214,0.005924798743,"Zeamays30","Zeamays30r4",192.124174288665
"594","Zea","mays","3/12/15",30,4,22.91113118,-0.411897653,0.411897653,0.01378029606,"Zeamays30","Zeamays30r4",524.919931947168
"595","Zea","mays","3/12/15",30,4,31.94374717,-1.0441458,1.0441458,0.03493255701,"Zeamays30","Zeamays30r4",1020.40298326088
"596","Zea","mays","3/12/15",30,4,40.8466862,-1.97491917,1.97491917,0.06607216778,"Zeamays30","Zeamays30r4",1668.45177352127
"597","Zea","mays","3/12/15",30,4,44.17891901,-2.450648801,2.450648801,0.08198800296,"Zeamays30","Zeamays30r4",1951.77688489214
"598","Zea","mays","3/12/15",30,5,13.87554148,-0.259765336,0.259765336,0.00921453982,"Zeamays30","Zeamays30r5",192.530651363201
"599","Zea","mays","3/12/15",30,5,22.92938946,-0.783449,0.783449,0.02779093674,"Zeamays30","Zeamays30r5",525.756901008359
"600","Zea","mays","3/12/15",30,5,32.11467809,-1.021258731,1.021258731,0.03622665519,"Zeamays30","Zeamays30r5",1031.35254882433
"601","Zea","mays","3/12/15",30,5,41.27766817,-1.542372937,1.542372937,0.05471190682,"Zeamays30","Zeamays30r5",1703.84588955263
"602","Zea","mays","3/12/15",30,5,43.95489718,-1.973325408,1.973325408,0.06999889151,"Zeamays30","Zeamays30r5",1932.03298610437
"603","Zea","mays","3/12/15",30,6,13.79281712,-0.466996445,0.466996445,0.01450340423,"Zeamays30","Zeamays30r6",190.241804105765
"604","Zea","mays","3/12/15",30,6,22.94135571,-0.587807652,0.587807652,0.0182554109,"Zeamays30","Zeamays30r6",526.30580181275
"605","Zea","mays","3/12/15",30,6,31.97084828,-0.980183633,0.980183633,0.03044134406,"Zeamays30","Zeamays30r6",1022.13513974278
"606","Zea","mays","3/12/15",30,6,40.86444657,-1.260313968,1.260313968,0.0391412893,"Zeamays30","Zeamays30r6",1669.90299347238
"607","Zea","mays","3/12/15",30,6,45.93049253,-3.59297267,3.59297267,0.1115861494,"Zeamays30","Zeamays30r6",2109.61014404839
"608","Zea","mays","1/30/15",35,1,13.97652639,-0.217475943,0.217475943,0.007918150718,"Zeamays35","Zeamays35r1",195.343289930366
"609","Zea","mays","1/30/15",35,1,22.86034793,-0.348493431,0.348493431,0.01268840809,"Zeamays35","Zeamays35r1",522.595507480655
"610","Zea","mays","1/30/15",35,1,31.9035613,-0.446036774,0.446036774,0.01623989467,"Zeamays35","Zeamays35r1",1017.83722362286
"611","Zea","mays","1/30/15",35,1,40.85061437,-0.981452265,0.981452265,0.03573400742,"Zeamays35","Zeamays35r1",1668.77269440645
"612","Zea","mays","1/30/15",35,1,44.40371538,-1.73249198,1.73249198,0.0630788511,"Zeamays35","Zeamays35r1",1971.68993954805
"613","Zea","mays","1/30/15",35,2,13.87934461,-0.428653959,0.428653959,0.01296356432,"Zeamays35","Zeamays35r2",192.636206803136
"614","Zea","mays","1/30/15",35,2,22.92684472,-1.164475567,1.164475567,0.03521664408,"Zeamays35","Zeamays35r2",525.640208814992
"615","Zea","mays","1/30/15",35,2,32.43871987,-1.686131291,1.686131291,0.05099281364,"Zeamays35","Zeamays35r2",1052.27054680433
"616","Zea","mays","1/30/15",35,2,41.28867994,-1.802332349,1.802332349,0.0545070233,"Zeamays35","Zeamays35r2",1704.75509118776
"617","Zea","mays","1/30/15",35,2,44.20341145,-2.661976595,2.661976595,0.08050480831,"Zeamays35","Zeamays35r2",1953.94158381799
"618","Zea","mays","1/30/15",35,3,13.8997205,-0.552710438,0.552710438,0.0154401695,"Zeamays35","Zeamays35r3",193.20222997812
"619","Zea","mays","1/30/15",35,3,22.81361212,-1.026825787,1.026825787,0.02868475626,"Zeamays35","Zeamays35r3",520.460897961811
"620","Zea","mays","1/30/15",35,3,31.69033337,-1.952973526,1.952973526,0.05455703422,"Zeamays35","Zeamays35r3",1004.27722910174
"621","Zea","mays","1/30/15",35,3,40.90464333,-2.428722145,2.428722145,0.06784724701,"Zeamays35","Zeamays35r3",1673.18984595451
"622","Zea","mays","1/30/15",35,3,45.46540235,-3.40749737,3.40749737,0.09518969314,"Zeamays35","Zeamays35r3",2067.10281084739
